;Hashtag;Profiles
0;python;Python Code | ProgramacÌ§aÌƒo
1;pythonprogramming;Oficina Python ğŸŒ
2;pythoncode;Python helper
3;pythonlearning;Python Learning
4;pythonprojects;Hashtag - Python, SQL & CiÃªncia de Dados
5;pythonregius;Python Para Dados
6;pythondeveloper;Monty Python
7;pythonprogrammer;Python | DeveloperğŸ§ ğŸ’»ğŸ’¡
8;pythons;Python
9;pythoncoding;PythonCoder | Entrepreneur
10;null;python
11;null;Learn Python | Ø¢Ù…ÙˆØ²Ø´ Ù¾Ø§ÛŒØªÙˆÙ†
12;null;COURO, PYTHON E PIRARUCU
13;null;We are
14;null;Usando Python
15;null;Learn Python | Programmer ğŸ‘¨â€ğŸ’»
16;null;Python | ML | AI ğŸ¤– |
17;null;Python | Learn | Coding
18;null;Pythonando
19;null;Python ~ Web Development ~ Django
20;null;Python Programming | CodeğŸ’» | LearnğŸš€
21;null;Pallacanestro Monteclarense As
22;null;Ğ˜Ğ—Ğ”Ğ•Ğ›Ğ˜Ğ¯ Ğ˜Ğ— ĞšĞĞ–Ğ˜ ĞŸĞ˜Ğ¢ĞĞĞ ğŸ
23;null;Monty Python Brasil
24;null;Learn Python Programming ğŸ’»
25;null;LÃ©onidas âš”ï¸ğŸ©¸
26;null;Ğ¦Ğ²ĞµÑ‚Ñ‹ ĞÑ€Ğ¼Ğ°Ğ²Ğ¸Ñ€ Ğ”Ğ¾ÑÑ‚Ğ°Ğ²ĞºĞ°
27;null;Python Ink
28;null;Rojas & Python Academy
29;null;ĞŸĞ¸Ñ‚Ğ¾Ğ½ ğŸ Ğ¸ ĞšÑ€Ğ¾ĞºĞ¾Ğ´Ğ¸Ğ» ğŸŠ
30;null;âŒğ—£Êá´›Êœá´É´ á´›á´‡á´€á´Â®âŒ
31;null;Acapy - Python Academy
32;null;ê¹€ì„±ë¹ˆ(íŒŒì´í†¤)
33;null;Ğ¦Ğ²ĞµÑ‚Ñ‹ ĞœĞ¾ÑĞºĞ²Ğ° ĞšÑ€Ğ°ÑĞ½Ğ¾Ğ´Ğ°Ñ€ ĞÑ€Ğ¼Ğ°Ğ²Ğ¸Ñ€ Ğ¡Ğ°Ğ¼Ğ°Ñ€Ğ° ĞĞ¾Ğ²Ğ¾Ñ€Ğ¾ÑÑĞ¸Ğ¹ÑĞº Ğ“ĞµĞ»ĞµĞ½Ğ´Ğ¶Ğ¸Ğº ğŸ¤
34;null;Python Developers
35;null;ĞŸÑ€Ğ¾Ğ³Ñ€Ğ°Ğ¼Ğ¼Ğ¸Ñ€Ğ¾Ğ²Ğ°Ğ½Ğ¸Ğµ | Python
36;null;Python Programmer 200k
37;null;ĞšĞ£Ğ Ğ¢ĞšĞ˜ /Ğ¡Ğ£ĞœĞšĞ˜/ ĞĞ‘Ğ£Ğ’Ğ¬
38;null;VinÃ­cius | 20+ anos de Python & Data Science
39;null;coder | Hacker | Tech | Excel
40;null;Python Engineer
41;null;IT KURSLAR | FOUNDATION | JAVA | PYTHON
42;null;Paige Bucalo
43;null;Ğ¦Ğ²ĞµÑ‚Ñ‹ â™¡ Ğ”Ğ¾ÑÑ‚Ğ°Ğ²ĞºĞ° â™¡ Ğ¡Ğ°Ğ¼Ğ°Ñ€Ğ°
